<?xml version="1.0" encoding="UTF-8"?>
<project-private xmlns="http://www.netbeans.org/ns/project-private/1">
    <editor-bookmarks xmlns="http://www.netbeans.org/ns/editor-bookmarks/2" lastBookmarkId="1">
        <file>
            <url>src/Kendaraan/MobilKeluarga.java</url>
            <bookmark id="1">
                <name/>
                <line>0</line>
                <key/>
            </bookmark>
        </file>
    </editor-bookmarks>
    <open-files xmlns="http://www.netbeans.org/ns/projectui-open-files/2">
        <group>
            <file>file:/C:/Users/asus1/Documents/NetBeansProjects/DatabaseDealer/src/MenuDealer/Data2.java</file>
            <file>file:/C:/Users/asus1/Documents/NetBeansProjects/DatabaseDealer/src/MenuDealer/BeliMobil.java</file>
            <file>file:/C:/Users/asus1/Documents/NetBeansProjects/DatabaseDealer/src/MenuDealer/PreparedStatement.java</file>
            <file>file:/C:/Users/asus1/Documents/NetBeansProjects/DatabaseDealer/src/MenuDealer/LiatKendaraan.java</file>
            <file>file:/C:/Users/asus1/Documents/NetBeansProjects/DatabaseDealer/src/MenuDealer/Pembeli.java</file>
            <file>file:/C:/Users/asus1/Documents/NetBeansProjects/DatabaseDealer/src/Data.java</file>
            <file>file:/C:/Users/asus1/Documents/NetBeansProjects/DatabaseDealer/src/DataBase1/Karyawan.java</file>
            <file>file:/C:/Users/asus1/Documents/NetBeansProjects/DatabaseDealer/src/MenuDealer/Login.java</file>
            <file>file:/C:/Users/asus1/Documents/NetBeansProjects/DatabaseDealer/src/DataBase1/MobilKeluarga.java</file>
            <file>file:/C:/Users/asus1/Documents/NetBeansProjects/DatabaseDealer/src/MenuDealer/MenuPembeli.java</file>
            <file>file:/C:/Users/asus1/Documents/NetBeansProjects/DatabaseDealer/src/MenuDealer/Transaksi.java</file>
            <file>file:/C:/Users/asus1/Documents/NetBeansProjects/DatabaseDealer/test/MenuDealer/PembeliTest.java</file>
            <file>file:/C:/Users/asus1/Documents/NetBeansProjects/DatabaseDealer/src/MenuDealer/Mengubah.java</file>
            <file>file:/C:/Users/asus1/Documents/NetBeansProjects/DatabaseDealer/src/MenuDealer/MenuKaryawan.java</file>
            <file>file:/C:/Users/asus1/Documents/NetBeansProjects/DatabaseDealer/src/MenuDealer/Registrasi.java</file>
            <file>file:/C:/Users/asus1/Documents/NetBeansProjects/DatabaseDealer/src/DataBase1/Kendaraan1.java</file>
        </group>
    </open-files>
</project-private>
